dataType,responseVariable,name,feature,var,Pr(>Chisq),R2m,R2c,FDR
metabolomics,hct,~/Documents/GitHub/yuHCT/data/analysis/hct.csv,M51,values,0.002100043073746692,0.13019351929927428,0.29554315886926147,0.0023400479964606
metabolomics,hct,~/Documents/GitHub/yuHCT/data/analysis/hct.csv,M122,values,1.2760994126517892e-7,0.3129534475905818,0.4226070563282005,4.976787709341978e-7
metabolomics,hct,~/Documents/GitHub/yuHCT/data/analysis/hct.csv,M402,values,1.3735652735768415e-12,0.4734098345480602,0.6060991753337631,1.3392261417374205e-11
metabolomics,hct,~/Documents/GitHub/yuHCT/data/analysis/hct.csv,M703,values,4.572522088891982e-8,0.34931693559991545,0.38443197064073725,2.5475480209541046e-7
metabolomics,hct,~/Documents/GitHub/yuHCT/data/analysis/hct.csv,M1015,values,3.7699070902906365e-14,0.48575081787297136,0.5550576221676263,4.900879217377827e-13
metabolomics,hct,~/Documents/GitHub/yuHCT/data/analysis/hct.csv,M2075,values,7.938895522262659e-6,0.2402302987969854,0.37414559003890985,1.1908343283393988e-5
metabolomics,hct,~/Documents/GitHub/yuHCT/data/analysis/hct.csv,M2271,values,4.496049638044971e-7,0.294401960523435,0.4045392129321303,1.0314466816691404e-6
metabolomics,hct,~/Documents/GitHub/yuHCT/data/analysis/hct.csv,M2476,values,3.5988991122698474e-7,0.27676910483243405,0.43240352488248085,8.772316586157753e-7
metabolomics,hct,~/Documents/GitHub/yuHCT/data/analysis/hct.csv,M2691,values,2.2339784559083414e-7,0.3110125438508323,0.3999379908675551,6.223225698601808e-7
metabolomics,hct,~/Documents/GitHub/yuHCT/data/analysis/hct.csv,M2705,values,1.6283160610305832e-16,0.5367532527867925,0.586880283999255,6.350432638019275e-15
metabolomics,hct,~/Documents/GitHub/yuHCT/data/analysis/hct.csv,M2907,values,1.8930875861759229e-4,0.2028014615580437,0.3104349570918995,2.38162631809229e-4
metabolomics,hct,~/Documents/GitHub/yuHCT/data/analysis/hct.csv,M3001,values,1.0821841665359465e-7,0.3125827875022476,0.43000467252890834,4.976787709341978e-7
metabolomics,hct,~/Documents/GitHub/yuHCT/data/analysis/hct.csv,M3671,values,3.948916831662994e-6,0.27008759845175306,0.35720109572010417,6.654299613471961e-6
metabolomics,hct,~/Documents/GitHub/yuHCT/data/analysis/hct.csv,M3800,values,1.665597618809091e-4,0.19079629162464729,0.3064968618166485,2.1652769044518184e-4
metabolomics,hct,~/Documents/GitHub/yuHCT/data/analysis/hct.csv,M3894,values,1.5860196915602643e-6,0.27596100667622486,0.413159641707266,2.811580362311378e-6
metabolomics,hct,~/Documents/GitHub/yuHCT/data/analysis/hct.csv,M3909,values,0.0051056749012088655,0.14228791906733534,0.15987341889421758,0.005531147809642937
metabolomics,hct,~/Documents/GitHub/yuHCT/data/analysis/hct.csv,M4077,values,2.2831875853475697e-15,0.5242234415538275,0.5242234415538275,4.452215791427761e-14
metabolomics,hct,~/Documents/GitHub/yuHCT/data/analysis/hct.csv,M4187,values,4.359907784925263e-8,0.3262252308281373,0.43733872604827967,2.5475480209541046e-7
metabolomics,hct,~/Documents/GitHub/yuHCT/data/analysis/hct.csv,M4227,values,1.5878688584152543e-5,0.2462116122260677,0.2884750977999493,2.293588351044256e-5
metabolomics,hct,~/Documents/GitHub/yuHCT/data/analysis/hct.csv,M4846,values,1.2083232991644422e-6,0.20419750476478735,0.5141624585928698,2.2440289841625356e-6
metabolomics,hct,~/Documents/GitHub/yuHCT/data/analysis/hct.csv,M5256,values,3.484314578090391e-4,0.18280513190529263,0.2852043093706651,4.117826319561372e-4
metabolomics,hct,~/Documents/GitHub/yuHCT/data/analysis/hct.csv,M5297,values,6.2051315056863016e-12,0.4454175060794559,0.5089638378245314,4.8400025744353154e-11
metabolomics,hct,~/Documents/GitHub/yuHCT/data/analysis/hct.csv,M5426,values,4.0949536082904375e-6,0.24992615521311978,0.34647685363956443,6.654299613471961e-6
metabolomics,hct,~/Documents/GitHub/yuHCT/data/analysis/hct.csv,M5568,values,2.0816301146136179e-4,0.1816502605527832,0.345460586291433,2.5369867021853465e-4
metabolomics,hct,~/Documents/GitHub/yuHCT/data/analysis/hct.csv,M5871,values,1.1450698411218103e-4,0.2220435154896099,0.26604848203809156,1.5399215104741588e-4
metabolomics,hct,~/Documents/GitHub/yuHCT/data/analysis/hct.csv,M6362,values,1.0402202289991111e-4,0.1981134858591465,0.35047070251677515,1.4488781761059046e-4
metabolomics,hct,~/Documents/GitHub/yuHCT/data/analysis/hct.csv,M6962,values,2.7302563860417855e-7,0.2937532265737649,0.41770654710806054,7.098666603708642e-7
metabolomics,hct,~/Documents/GitHub/yuHCT/data/analysis/hct.csv,M7015,values,0.0010107550019713845,0.11733539186639573,0.3832427970965417,0.0011593954434377645
metabolomics,hct,~/Documents/GitHub/yuHCT/data/analysis/hct.csv,M7037,values,5.042459318566994e-7,0.2892685915093281,0.41289179242346663,1.092532852356182e-6
metabolomics,hct,~/Documents/GitHub/yuHCT/data/analysis/hct.csv,M7428,values,8.246622685628615e-7,0.2759564693097458,0.36898776963634755,1.60809142369758e-6
metabolomics,hct,~/Documents/GitHub/yuHCT/data/analysis/hct.csv,M7849,values,5.69927664560735e-6,0.2712286799728271,0.330603635647221,8.890871567147466e-6
metabolomics,hct,~/Documents/GitHub/yuHCT/data/analysis/hct.csv,M8024,values,0.02203014497997125,0.05997932827738386,0.35699740670260416,0.023220963627537262
metabolomics,hct,~/Documents/GitHub/yuHCT/data/analysis/hct.csv,M8325,values,7.826749661873952e-7,0.2973617223284247,0.3759604650429478,1.6065433516478112e-6
metabolomics,hct,~/Documents/GitHub/yuHCT/data/analysis/hct.csv,M8456,values,2.0114469065578133e-7,0.30927396336404506,0.41364832150275754,6.03434071967344e-7
metabolomics,hct,~/Documents/GitHub/yuHCT/data/analysis/hct.csv,M8540,values,1.1558376592205016e-7,0.3173441732898129,0.4183146948250319,4.976787709341978e-7
metabolomics,hct,~/Documents/GitHub/yuHCT/data/analysis/hct.csv,M8578,values,1.7285339774076425e-7,0.2990047954997716,0.3962014817032437,5.617735426574838e-7
metabolomics,hct,~/Documents/GitHub/yuHCT/data/analysis/hct.csv,M8829,values,1.6132002484798604e-7,0.30117006524668594,0.39293756385213724,5.617735426574838e-7
metabolomics,hb,~/Documents/GitHub/yuHCT/data/analysis/hb.csv,M51,values,0.006168278724394538,0.09704323728243495,0.34671485058448487,0.007225697934290745
metabolomics,hb,~/Documents/GitHub/yuHCT/data/analysis/hb.csv,M115,values,1.2224743222249485e-5,0.16987739906291735,0.5040664307158695,2.1791933570096905e-5
metabolomics,hb,~/Documents/GitHub/yuHCT/data/analysis/hb.csv,M122,values,2.9353245051371664e-7,0.2726788105941779,0.4628485307419721,1.007958223079343e-6
metabolomics,hb,~/Documents/GitHub/yuHCT/data/analysis/hb.csv,M402,values,2.347889867455151e-13,0.4424005572304071,0.6593375911312891,2.4065871141415295e-12
metabolomics,hb,~/Documents/GitHub/yuHCT/data/analysis/hb.csv,M703,values,5.7308983344077885e-6,0.2582100197562749,0.39404874273912904,1.1188896748129492e-5
metabolomics,hb,~/Documents/GitHub/yuHCT/data/analysis/hb.csv,M1015,values,8.83080244036557e-15,0.4617208135218444,0.6031957354290478,1.2068763335166279e-13
metabolomics,hb,~/Documents/GitHub/yuHCT/data/analysis/hb.csv,M2075,values,4.5734539577911695e-5,0.19554211229559415,0.38863862923759274,7.500464490777517e-5
metabolomics,hb,~/Documents/GitHub/yuHCT/data/analysis/hb.csv,M2271,values,2.7722959255437207e-6,0.244911384643192,0.423049531724315,6.6861254674877965e-6
metabolomics,hb,~/Documents/GitHub/yuHCT/data/analysis/hb.csv,M2476,values,4.093863237907548e-7,0.24558458382008577,0.4935150548156478,1.291141482724688e-6
metabolomics,hb,~/Documents/GitHub/yuHCT/data/analysis/hb.csv,M2691,values,1.412141254218001e-6,0.2611105877117102,0.43316559615105793,3.859852761529203e-6
metabolomics,hb,~/Documents/GitHub/yuHCT/data/analysis/hb.csv,M2705,values,1.2715463336088959e-16,0.49820809687146334,0.6260201071173631,5.213339967796473e-15
metabolomics,hb,~/Documents/GitHub/yuHCT/data/analysis/hb.csv,M2907,values,8.974618913607439e-5,0.1990420475983882,0.3888041278482341,1.2688254326134654e-4
metabolomics,hb,~/Documents/GitHub/yuHCT/data/analysis/hb.csv,M3001,values,2.770883284747208e-7,0.2702395997358728,0.46980357991977106,1.007958223079343e-6
metabolomics,hb,~/Documents/GitHub/yuHCT/data/analysis/hb.csv,M3671,values,1.977028010861531e-5,0.22299540918652003,0.387004919716664,3.3774228518884485e-5
metabolomics,hb,~/Documents/GitHub/yuHCT/data/analysis/hb.csv,M3800,values,5.550863356038953e-4,0.1500845747210667,0.35935525805952356,7.112043674924908e-4
metabolomics,hb,~/Documents/GitHub/yuHCT/data/analysis/hb.csv,M3894,values,4.023705257194786e-6,0.2595885844463605,0.403529359961767,9.165106419165902e-6
metabolomics,hb,~/Documents/GitHub/yuHCT/data/analysis/hb.csv,M3909,values,0.01166414998785573,0.12889785499490505,0.25528649333948344,0.013284170819502358
metabolomics,hb,~/Documents/GitHub/yuHCT/data/analysis/hb.csv,M4077,values,4.184118526172083e-15,0.5089502516220833,0.5399921945283036,8.577442978652771e-14
metabolomics,hb,~/Documents/GitHub/yuHCT/data/analysis/hb.csv,M4115,values,1.235724710740584e-4,0.20147600756052217,0.39777109045222153,1.688823771345465e-4
metabolomics,hb,~/Documents/GitHub/yuHCT/data/analysis/hb.csv,M4187,values,1.6743821384478026e-7,0.2812034619920341,0.46418595851858885,7.627740852928878e-7
metabolomics,hb,~/Documents/GitHub/yuHCT/data/analysis/hb.csv,M4203,values,4.70683334566321e-6,0.21022514525224198,0.47987756274136245,1.015685090379956e-5
metabolomics,hb,~/Documents/GitHub/yuHCT/data/analysis/hb.csv,M4227,values,4.7642462134884643e-4,0.1815008622252147,0.34599559154164833,6.301099830742807e-4
metabolomics,hb,~/Documents/GitHub/yuHCT/data/analysis/hb.csv,M5297,values,7.0339030014271675e-12,0.40172974717800247,0.5621378972245743,5.767800461170277e-11
metabolomics,hb,~/Documents/GitHub/yuHCT/data/analysis/hb.csv,M5426,values,1.2077789309899628e-5,0.2277724343886709,0.4142406259162723,2.1791933570096905e-5
metabolomics,hb,~/Documents/GitHub/yuHCT/data/analysis/hb.csv,M5871,values,7.161129829608527e-4,0.1746600514772439,0.28326718603991113,8.897161303453017e-4
metabolomics,hb,~/Documents/GitHub/yuHCT/data/analysis/hb.csv,M6362,values,5.892226220907108e-5,0.18797380155315824,0.4253613164814003,9.29158750219967e-5
metabolomics,hb,~/Documents/GitHub/yuHCT/data/analysis/hb.csv,M6375,values,0.029878720869067052,0.08172734067003813,0.30829056457421383,0.03310885285491214
metabolomics,hb,~/Documents/GitHub/yuHCT/data/analysis/hb.csv,M6514,values,7.457382358857537e-5,0.1889027392430519,0.4163478936236091,1.0919738454041392e-4
metabolomics,hb,~/Documents/GitHub/yuHCT/data/analysis/hb.csv,M6962,values,5.860278373446783e-7,0.255350124154943,0.464977465672318,1.7162243807951292e-6
metabolomics,hb,~/Documents/GitHub/yuHCT/data/analysis/hb.csv,M7015,values,0.0049250720485954705,0.08244156596919014,0.4137185629568283,0.0059390574703651255
metabolomics,hb,~/Documents/GitHub/yuHCT/data/analysis/hb.csv,M7037,values,5.0888330818528024e-6,0.2404223869992735,0.40159723205899783,1.0432107817798244e-5
metabolomics,hb,~/Documents/GitHub/yuHCT/data/analysis/hb.csv,M7849,values,6.29238399480048e-5,0.22038047865180363,0.31830316087229676,9.555101621734064e-5
metabolomics,hb,~/Documents/GitHub/yuHCT/data/analysis/hb.csv,M8325,values,2.3112826960620596e-8,0.29917022819304134,0.48325739754843666,1.5793765089757408e-7
metabolomics,hb,~/Documents/GitHub/yuHCT/data/analysis/hb.csv,M8456,values,2.1588873420562415e-6,0.25897787157255814,0.4073832913731138,5.5321488140191186e-6
metabolomics,hb,~/Documents/GitHub/yuHCT/data/analysis/hb.csv,M8540,values,2.9501216285249065e-7,0.2755387223651655,0.45905525006414993,1.007958223079343e-6
metabolomics,hb,~/Documents/GitHub/yuHCT/data/analysis/hb.csv,M8578,values,1.3041425635666505e-7,0.2791485696786973,0.44704149075768307,7.627740852928878e-7
metabolomics,hb,~/Documents/GitHub/yuHCT/data/analysis/hb.csv,M8829,values,1.5854246387873056e-7,0.27784440396393856,0.44065310858725465,7.627740852928878e-7
metabolomics,SpO2,~/Documents/GitHub/yuHCT/data/analysis/SpO2.csv,M575,values,4.702004708374019e-4,0.17241046474168487,0.22813341086316546,0.004388537727815751
metabolomics,SpO2,~/Documents/GitHub/yuHCT/data/analysis/SpO2.csv,M750,values,0.0011095483326178893,0.15097604907659526,0.23716279544071528,0.00621347066266018
metabolomics,SpO2,~/Documents/GitHub/yuHCT/data/analysis/SpO2.csv,M1175,values,7.78057125443977e-4,0.16477444950949818,0.1761392790418352,0.005527301879445258
metabolomics,SpO2,~/Documents/GitHub/yuHCT/data/analysis/SpO2.csv,M1361,values,0.006267042605366841,0.13421807623094742,0.20312459495857296,0.017748946639617288
metabolomics,SpO2,~/Documents/GitHub/yuHCT/data/analysis/SpO2.csv,M1365,values,4.085530259289212e-4,0.17721933555123665,0.17721949225096376,0.004388537727815751
metabolomics,SpO2,~/Documents/GitHub/yuHCT/data/analysis/SpO2.csv,M1422,values,0.007009122327579192,0.11138567620918934,0.1390932784639071,0.017841402288383396
metabolomics,SpO2,~/Documents/GitHub/yuHCT/data/analysis/SpO2.csv,M1909,values,0.008847359394649751,0.10122010579127365,0.19282266359073158,0.02154139678697331
metabolomics,SpO2,~/Documents/GitHub/yuHCT/data/analysis/SpO2.csv,M1933,values,0.005438104974043948,0.1244343709912203,0.1574792248983148,0.016918548808136726
metabolomics,SpO2,~/Documents/GitHub/yuHCT/data/analysis/SpO2.csv,M2175,values,0.004987188315663345,0.11931075699922625,0.17273566265561652,0.016428385039832197
metabolomics,SpO2,~/Documents/GitHub/yuHCT/data/analysis/SpO2.csv,M2274,values,0.011566807434679423,0.11377842646011127,0.3060065524392439,0.02698921734758532
metabolomics,SpO2,~/Documents/GitHub/yuHCT/data/analysis/SpO2.csv,M2568,values,1.561241217588728e-4,0.20324356135776744,0.2503562628665996,0.0029143169394989592
metabolomics,SpO2,~/Documents/GitHub/yuHCT/data/analysis/SpO2.csv,M3403,values,0.0030232787714717397,0.13367285907035173,0.1438570109148168,0.011286907413494494
metabolomics,SpO2,~/Documents/GitHub/yuHCT/data/analysis/SpO2.csv,M4159,values,0.014319538256134735,0.09722636192689525,0.15340009331779803,0.03084208239782866
metabolomics,SpO2,~/Documents/GitHub/yuHCT/data/analysis/SpO2.csv,M4209,values,0.003739983006503361,0.12850849834578262,0.1603117796530435,0.013089940522761762
metabolomics,SpO2,~/Documents/GitHub/yuHCT/data/analysis/SpO2.csv,M4313,values,0.020111234197481398,0.0841697807842287,0.12272835121195322,0.041712189446628085
metabolomics,SpO2,~/Documents/GitHub/yuHCT/data/analysis/SpO2.csv,M4650,values,0.002971235672686527,0.13210357666320133,0.1322621219668066,0.011286907413494494
metabolomics,SpO2,~/Documents/GitHub/yuHCT/data/analysis/SpO2.csv,M4895,values,7.896145542064654e-4,0.2286689346003478,0.22866901157100267,0.005527301879445258
metabolomics,SpO2,~/Documents/GitHub/yuHCT/data/analysis/SpO2.csv,M5125,values,0.001037383665859375,0.14288375199484832,0.2663831023938067,0.00621347066266018
metabolomics,SpO2,~/Documents/GitHub/yuHCT/data/analysis/SpO2.csv,M5270,values,0.00691370847295214,0.14837474293756583,0.20384317758708204,0.017841402288383396
metabolomics,SpO2,~/Documents/GitHub/yuHCT/data/analysis/SpO2.csv,M6493,values,0.002875357734739927,0.13254320921779966,0.16093997199798718,0.011286907413494494
metabolomics,SpO2,~/Documents/GitHub/yuHCT/data/analysis/SpO2.csv,M6991,values,3.094771197625012e-4,0.1852324850315169,0.19404906283856796,0.004332679676675017
metabolomics,SpO2,~/Documents/GitHub/yuHCT/data/analysis/SpO2.csv,M7173,values,1.0676432009188685e-6,0.33853968349062835,0.3526225276134575,5.9788019251456634e-5
metabolomics,SpO2,~/Documents/GitHub/yuHCT/data/analysis/SpO2.csv,M7290,values,0.013426778864899697,0.09182910160375411,0.15334772452261927,0.030075984657375324
metabolomics,SpO2,~/Documents/GitHub/yuHCT/data/analysis/SpO2.csv,M7979,values,0.002127777731663313,0.14203023686745142,0.1420302625759241,0.01016485960205345
metabolomics,SpO2,~/Documents/GitHub/yuHCT/data/analysis/SpO2.csv,M8518,values,0.002178184200440025,0.1436389046920576,0.1436396986989736,0.01016485960205345
metabolomics,SpO2,~/Documents/GitHub/yuHCT/data/analysis/SpO2.csv,M8764,values,0.006338909514149032,0.11529319414275338,0.12806176957095003,0.017748946639617288
metabolomics,SpO2,~/Documents/GitHub/yuHCT/data/analysis/SpO2.csv,M8832,values,1.0436516935435719e-5,0.24965995153638804,0.29104785842063136,2.922224741922001e-4
metabolomics,resting_hr,~/Documents/GitHub/yuHCT/data/analysis/resting_hr.csv,M153,values,0.004563570724253311,0.1233439411507141,0.12823697615094032,0.017602344222119915
metabolomics,resting_hr,~/Documents/GitHub/yuHCT/data/analysis/resting_hr.csv,M679,values,0.0031863053613453616,0.13205279802034267,0.1550803863192647,0.014338374126054126
metabolomics,resting_hr,~/Documents/GitHub/yuHCT/data/analysis/resting_hr.csv,M1234,values,0.002499516880373272,0.1289038478326486,0.22428232927297145,0.01349739115401567
metabolomics,resting_hr,~/Documents/GitHub/yuHCT/data/analysis/resting_hr.csv,M5086,values,0.013323372891129828,0.09508565232648054,0.11946426827279276,0.04496638350756317
metabolomics,resting_hr,~/Documents/GitHub/yuHCT/data/analysis/resting_hr.csv,M6287,values,0.0022210616251923084,0.26734853267945186,0.2912044583353866,0.01349739115401567
metabolomics,resting_hr,~/Documents/GitHub/yuHCT/data/analysis/resting_hr.csv,M7245,values,2.8906112684552786e-4,0.17513126271330462,0.2779822054020338,0.0026015501416097506
metabolomics,resting_hr,~/Documents/GitHub/yuHCT/data/analysis/resting_hr.csv,M7334,values,2.0564078866797945e-7,0.3771549669936506,0.39962227084902596,5.552301294035445e-6
metabolomics,resting_hr,~/Documents/GitHub/yuHCT/data/analysis/resting_hr.csv,M7974,values,9.201539637736823e-6,0.28233628785139187,0.3935463968105414,1.2422078510944713e-4
metabolomics,sbp,~/Documents/GitHub/yuHCT/data/analysis/sbp.csv,M399,values,0.01130248763678923,0.08992972931617431,0.1952256015622597,0.046472927798638056
metabolomics,sbp,~/Documents/GitHub/yuHCT/data/analysis/sbp.csv,M915,values,0.01257431118966019,0.09850118021437311,0.09850118021437311,0.046472927798638056
metabolomics,sbp,~/Documents/GitHub/yuHCT/data/analysis/sbp.csv,M2595,values,0.013842999769807079,0.09218251113967647,0.14702812970434914,0.046472927798638056
metabolomics,sbp,~/Documents/GitHub/yuHCT/data/analysis/sbp.csv,M2874,values,0.013387566645902111,0.09280218782617027,0.15678331679960886,0.046472927798638056
metabolomics,sbp,~/Documents/GitHub/yuHCT/data/analysis/sbp.csv,M3423,values,5.204237715771584e-4,0.1637539600817148,0.24098753994225933,0.024459917264126444
metabolomics,sbp,~/Documents/GitHub/yuHCT/data/analysis/sbp.csv,M3937,values,0.0017566139785445795,0.14407600996964479,0.15526792082636318,0.04128042849579762
metabolomics,sbp,~/Documents/GitHub/yuHCT/data/analysis/sbp.csv,M4029,values,0.009570201077771017,0.0991009321768738,0.16109907138201549,0.046472927798638056
metabolomics,sbp,~/Documents/GitHub/yuHCT/data/analysis/sbp.csv,M5781,values,0.01235468338684554,0.09740616258456686,0.09740987999221423,0.046472927798638056
metabolomics,sbp,~/Documents/GitHub/yuHCT/data/analysis/sbp.csv,M6051,values,0.013043423651420154,0.10079940673104175,0.10164985145563149,0.046472927798638056
metabolomics,sbp,~/Documents/GitHub/yuHCT/data/analysis/sbp.csv,M6446,values,0.00782413024272845,0.10998727900685017,0.16645048747158023,0.046472927798638056
metabolomics,sbp,~/Documents/GitHub/yuHCT/data/analysis/sbp.csv,M6516,values,0.0029003847046949827,0.12595976400102862,0.29129890045978973,0.04543936037355473
metabolomics,sbp,~/Documents/GitHub/yuHCT/data/analysis/sbp.csv,M7093,values,0.00918491875825148,0.10046612896148827,0.1759545127823796,0.046472927798638056
metabolomics,sbp,~/Documents/GitHub/yuHCT/data/analysis/sbp.csv,M8002,values,0.013133914526690538,0.09586108005206238,0.10108895469207227,0.046472927798638056
metabolomics,sbp,~/Documents/GitHub/yuHCT/data/analysis/sbp.csv,M8296,values,0.00909767484882591,0.10047939088153798,0.1868764540102192,0.046472927798638056
metabolomics,dbp,~/Documents/GitHub/yuHCT/data/analysis/dbp.csv,M188,values,1.5752653626363808e-6,0.27853759832357883,0.3078654801928106,1.6842636078996077e-5
metabolomics,dbp,~/Documents/GitHub/yuHCT/data/analysis/dbp.csv,M198,values,2.2454622736659618e-5,0.22808552258235604,0.288379347891956,6.680661094912755e-5
metabolomics,dbp,~/Documents/GitHub/yuHCT/data/analysis/dbp.csv,M269,values,9.465476195446005e-4,0.15589884530001755,0.175285535443413,0.0014603877558688123
metabolomics,dbp,~/Documents/GitHub/yuHCT/data/analysis/dbp.csv,M369,values,0.006039233486161928,0.11363762304281004,0.13233753463515788,0.008362015596224208
metabolomics,dbp,~/Documents/GitHub/yuHCT/data/analysis/dbp.csv,M701,values,0.0036674610250033153,0.1594141705478412,0.17454978266694207,0.005352510685139974
metabolomics,dbp,~/Documents/GitHub/yuHCT/data/analysis/dbp.csv,M903,values,3.4981650823460495e-5,0.2279628524089212,0.2279628525289639,8.995281640318413e-5
metabolomics,dbp,~/Documents/GitHub/yuHCT/data/analysis/dbp.csv,M949,values,2.5090709633680163e-4,0.18378920444842686,0.24152285038517543,4.5163277340624295e-4
metabolomics,dbp,~/Documents/GitHub/yuHCT/data/analysis/dbp.csv,M1246,values,0.005606619402899148,0.11577812880192385,0.12639709160825918,0.007967301256751422
metabolomics,dbp,~/Documents/GitHub/yuHCT/data/analysis/dbp.csv,M1318,values,7.774088310465185e-6,0.2563400572761206,0.2563401122254548,3.229236682808615e-5
metabolomics,dbp,~/Documents/GitHub/yuHCT/data/analysis/dbp.csv,M1406,values,3.5373531015384167e-6,0.265717238932997,0.37624953322872823,2.3030076517944387e-5
metabolomics,dbp,~/Documents/GitHub/yuHCT/data/analysis/dbp.csv,M1412,values,3.72634745871721e-4,0.1792218323006905,0.17922183508772363,6.097659477900889e-4
metabolomics,dbp,~/Documents/GitHub/yuHCT/data/analysis/dbp.csv,M1693,values,5.219741222224486e-6,0.2635380370507527,0.2635380373031765,2.5624184181829294e-5
metabolomics,dbp,~/Documents/GitHub/yuHCT/data/analysis/dbp.csv,M1872,values,5.023581084887198e-4,0.1720711887220951,0.17597634305866805,7.978628781879667e-4
metabolomics,dbp,~/Documents/GitHub/yuHCT/data/analysis/dbp.csv,M2024,values,1.3270345559613744e-4,0.1981925698904915,0.21891059751800981,2.514979022333311e-4
metabolomics,dbp,~/Documents/GitHub/yuHCT/data/analysis/dbp.csv,M2134,values,6.978199362833428e-6,0.25397083000303433,0.3195106327141897,3.1401897132750426e-5
metabolomics,dbp,~/Documents/GitHub/yuHCT/data/analysis/dbp.csv,M2360,values,5.744208559248418e-7,0.2893763993349387,0.3571836051095988,1.0339575406647154e-5
metabolomics,dbp,~/Documents/GitHub/yuHCT/data/analysis/dbp.csv,M2466,values,5.514803654531526e-5,0.21224270674065185,0.26386390776470164,1.2947799884552278e-4
metabolomics,dbp,~/Documents/GitHub/yuHCT/data/analysis/dbp.csv,M2701,values,9.429869485515964e-6,0.2489763167698541,0.26539150569239656,3.467063650362951e-5
metabolomics,dbp,~/Documents/GitHub/yuHCT/data/analysis/dbp.csv,M3075,values,3.8383460863240645e-6,0.2640852911030311,0.2862504849524345,2.3030076517944387e-5
metabolomics,dbp,~/Documents/GitHub/yuHCT/data/analysis/dbp.csv,M3092,values,1.8714040087773417e-6,0.2739322879072765,0.3070179894923906,1.6842636078996077e-5
metabolomics,dbp,~/Documents/GitHub/yuHCT/data/analysis/dbp.csv,M3233,values,1.2967060442602424e-5,0.24642867722769438,0.24841873796108044,4.376382899378318e-5
metabolomics,dbp,~/Documents/GitHub/yuHCT/data/analysis/dbp.csv,M3893,values,6.382772749767187e-5,0.2145966652267036,0.2254866893044111,1.436123868697617e-4
metabolomics,dbp,~/Documents/GitHub/yuHCT/data/analysis/dbp.csv,M4297,values,0.026271918121549245,0.10068318890190865,0.10346636856873016,0.03299264136194556
metabolomics,dbp,~/Documents/GitHub/yuHCT/data/analysis/dbp.csv,M4594,values,0.008558578993369297,0.10649221988616644,0.10649221988616644,0.011272274771754685
metabolomics,dbp,~/Documents/GitHub/yuHCT/data/analysis/dbp.csv,M4772,values,1.1106413475988583e-4,0.20412734280430528,0.20747957858675067,2.2212826951977167e-4
metabolomics,dbp,~/Documents/GitHub/yuHCT/data/analysis/dbp.csv,M5032,values,0.01866873050964917,0.08707829633784119,0.08707831200904884,0.024002653512406078
metabolomics,dbp,~/Documents/GitHub/yuHCT/data/analysis/dbp.csv,M5444,values,0.0036062312163657184,0.12745424977417968,0.12745424977417968,0.005352510685139974
metabolomics,dbp,~/Documents/GitHub/yuHCT/data/analysis/dbp.csv,M5641,values,9.630732362119309e-6,0.25241643828575,0.2524164415471776,3.467063650362951e-5
metabolomics,dbp,~/Documents/GitHub/yuHCT/data/analysis/dbp.csv,M6279,values,0.006804520820054502,0.12306537089906541,0.15115501008869606,0.009186103107073578
metabolomics,dbp,~/Documents/GitHub/yuHCT/data/analysis/dbp.csv,M6724,values,1.6641916891780257e-6,0.283493101775995,0.283493101775995,1.6842636078996077e-5
metabolomics,dbp,~/Documents/GitHub/yuHCT/data/analysis/dbp.csv,M7052,values,2.2851112114416816e-6,0.273962832433574,0.2941185895095266,1.7628000773978688e-5
metabolomics,dbp,~/Documents/GitHub/yuHCT/data/analysis/dbp.csv,M7365,values,2.890720426408945e-4,0.18470515940771898,0.18470515940771898,5.035448484712355e-4
metabolomics,dbp,~/Documents/GitHub/yuHCT/data/analysis/dbp.csv,M7376,values,2.350602977839673e-5,0.23193307515870895,0.25273247964894885,6.680661094912755e-5
metabolomics,dbp,~/Documents/GitHub/yuHCT/data/analysis/dbp.csv,M7420,values,1.3506368823641856e-4,0.20076885681722964,0.20077058431486142,2.514979022333311e-4
metabolomics,dbp,~/Documents/GitHub/yuHCT/data/analysis/dbp.csv,M7803,values,2.1759843410272374e-5,0.23409482699306042,0.24936443536331354,6.680661094912755e-5
metabolomics,dbp,~/Documents/GitHub/yuHCT/data/analysis/dbp.csv,M7922,values,5.036862763575239e-6,0.2580093332372085,0.28401850178720983,2.5624184181829294e-5
metabolomics,dbp,~/Documents/GitHub/yuHCT/data/analysis/dbp.csv,M8072,values,4.2817008687716596e-5,0.21648081211679202,0.2759080701618637,1.0509629405166801e-4
metabolomics,dbp,~/Documents/GitHub/yuHCT/data/analysis/dbp.csv,M8222,values,8.008347598946137e-5,0.20855094462437793,0.22505712737714126,1.6632721936272747e-4
metabolomics,dbp,~/Documents/GitHub/yuHCT/data/analysis/dbp.csv,M8524,values,7.507645913952962e-9,0.3506087744103717,0.4057416791847607,2.0270643967672998e-7
metabolomics,dbp,~/Documents/GitHub/yuHCT/data/analysis/dbp.csv,M8530,values,3.1003595558732434e-4,0.17840847615184596,0.2209122245507099,5.231856750536098e-4
metabolomics,dbp,~/Documents/GitHub/yuHCT/data/analysis/dbp.csv,M8790,values,2.8714459787007424e-5,0.22367508158048094,0.28496895705312647,7.752904142492005e-5
metabolomics,dbp,~/Documents/GitHub/yuHCT/data/analysis/dbp.csv,M8821,values,6.180755828154453e-9,0.3534392961217118,0.40841380019253004,2.0270643967672998e-7
metabolomics,dbp,~/Documents/GitHub/yuHCT/data/analysis/dbp.csv,M8842,values,7.885615238203123e-5,0.20722993405743795,0.23430051212976444,1.6632721936272747e-4
metabolomics,glucose,~/Documents/GitHub/yuHCT/data/analysis/glucose.csv,M2040,values,3.2704908934016763e-4,0.2700062353435904,0.3796749140346776,0.0017660650824369054
metabolomics,glucose,~/Documents/GitHub/yuHCT/data/analysis/glucose.csv,M2254,values,1.9953381199765827e-4,0.21906980965582068,0.48058668779043856,0.0013468532309841932
metabolomics,glucose,~/Documents/GitHub/yuHCT/data/analysis/glucose.csv,M2598,values,0.008099537520760178,0.12613649440904942,0.4032096046462097,0.024298612562280535
metabolomics,glucose,~/Documents/GitHub/yuHCT/data/analysis/glucose.csv,M2885,values,0.010936848697415557,0.14080221825777672,0.33205963601548716,0.029529491483022006
metabolomics,glucose,~/Documents/GitHub/yuHCT/data/analysis/glucose.csv,M3269,values,1.517190440902981e-4,0.21417541541141372,0.5573357790753485,0.0013468532309841932
metabolomics,glucose,~/Documents/GitHub/yuHCT/data/analysis/glucose.csv,M3332,values,0.0042690768016836215,0.11994531515290566,0.6230932984572709,0.014408134205682223
metabolomics,glucose,~/Documents/GitHub/yuHCT/data/analysis/glucose.csv,M4050,values,0.003405276934491234,0.1594985703949564,0.4121346097488783,0.013134639604466189
metabolomics,glucose,~/Documents/GitHub/yuHCT/data/analysis/glucose.csv,M4742,values,1.765496843342609e-4,0.2193002940276299,0.5223239146769608,0.0013468532309841932
metabolomics,glucose,~/Documents/GitHub/yuHCT/data/analysis/glucose.csv,M5086,values,1.0930708073047165e-5,0.2481753707098981,0.5759761230838643,2.9512911797227343e-4
metabolomics,glucose,~/Documents/GitHub/yuHCT/data/analysis/glucose.csv,M5707,values,0.015951630597284584,0.11873443501726692,0.3634930915410612,0.03915400237515307
metabolomics,glucose,~/Documents/GitHub/yuHCT/data/analysis/glucose.csv,M7663,values,3.957357004029194e-4,0.18623932573894705,0.5362315475691242,0.0017808106518131372
metabolomics,insulin,~/Documents/GitHub/yuHCT/data/analysis/insulin.csv,M125,values,0.004701289161776101,0.17469582442145387,0.3908465937550725,0.008462320491196983
metabolomics,insulin,~/Documents/GitHub/yuHCT/data/analysis/insulin.csv,M780,values,0.0011842883929651272,0.2152411652682318,0.4131499216611123,0.0030453130104817557
metabolomics,insulin,~/Documents/GitHub/yuHCT/data/analysis/insulin.csv,M1062,values,0.0018435730366745389,0.07193596686801144,0.7851374583270767,0.004148039332517712
metabolomics,insulin,~/Documents/GitHub/yuHCT/data/analysis/insulin.csv,M1151,values,2.8531181596815318e-6,0.27076558045038257,0.6319724874284173,2.5678063437133785e-5
metabolomics,insulin,~/Documents/GitHub/yuHCT/data/analysis/insulin.csv,M1484,values,4.437863373634744e-5,0.26841020781431885,0.514523997373563,1.9970385181356347e-4
metabolomics,insulin,~/Documents/GitHub/yuHCT/data/analysis/insulin.csv,M2040,values,3.1115745983113487e-4,0.21387554015364835,0.5543150312353496,9.334723794934047e-4
metabolomics,insulin,~/Documents/GitHub/yuHCT/data/analysis/insulin.csv,M2598,values,0.0034437879434060107,0.1601292142968238,0.3849109355564787,0.006887575886812021
metabolomics,insulin,~/Documents/GitHub/yuHCT/data/analysis/insulin.csv,M2943,values,1.332980643932077e-4,0.11215007517876675,0.7635322516613587,4.798730318155478e-4
metabolomics,insulin,~/Documents/GitHub/yuHCT/data/analysis/insulin.csv,M5086,values,1.0334507681889863e-7,0.33158701354033115,0.6132316959814443,1.8602113827401753e-6
metabolomics,insulin,~/Documents/GitHub/yuHCT/data/analysis/insulin.csv,M5353,values,0.01388048657689269,0.12070321939095087,0.37729608343217985,0.020820729865339036
metabolomics,insulin,~/Documents/GitHub/yuHCT/data/analysis/insulin.csv,M5707,values,0.008701380781934378,0.15056902603242509,0.30878140061329123,0.014238623097710802
metabolomics,insulin,~/Documents/GitHub/yuHCT/data/analysis/insulin.csv,M8230,values,3.597620742326787e-5,0.31335987946079963,0.4110150696101901,1.9970385181356347e-4
metabolomics,cholesterol,~/Documents/GitHub/yuHCT/data/analysis/cholesterol.csv,M181,values,4.7545358706032714e-8,0.4393794109496023,0.6074530442967128,1.2361793263568506e-6
metabolomics,cholesterol,~/Documents/GitHub/yuHCT/data/analysis/cholesterol.csv,M214,values,0.01194512418154911,0.07002091219881618,0.6603591588965037,0.015149913596111068
metabolomics,cholesterol,~/Documents/GitHub/yuHCT/data/analysis/cholesterol.csv,M249,values,0.004559463998060598,0.13161214303245572,0.48318018488192266,0.006407895348625706
metabolomics,cholesterol,~/Documents/GitHub/yuHCT/data/analysis/cholesterol.csv,M660,values,1.1562007118812721e-7,0.40316902705546914,0.6078490911673756,2.0040812339275384e-6
metabolomics,cholesterol,~/Documents/GitHub/yuHCT/data/analysis/cholesterol.csv,M708,values,0.005376457593275314,0.11521206395961937,0.5428936538202416,0.007357257759218851
metabolomics,cholesterol,~/Documents/GitHub/yuHCT/data/analysis/cholesterol.csv,M819,values,0.0097183177631495,0.15269858829427363,0.33375817173892475,0.012957757017532667
metabolomics,cholesterol,~/Documents/GitHub/yuHCT/data/analysis/cholesterol.csv,M1120,values,4.724356091697e-4,0.2585699307307294,0.46742609911859656,9.82666067072976e-4
metabolomics,cholesterol,~/Documents/GitHub/yuHCT/data/analysis/cholesterol.csv,M1329,values,1.1306154754320936e-4,0.0013061083505004386,0.9978895529459691,3.0943160380246775e-4
metabolomics,cholesterol,~/Documents/GitHub/yuHCT/data/analysis/cholesterol.csv,M1510,values,0.0250171058786805,0.09303602290459109,0.47124260504915627,0.02956567058389514
metabolomics,cholesterol,~/Documents/GitHub/yuHCT/data/analysis/cholesterol.csv,M1612,values,0.03351850557340414,0.04143383559323359,0.9155990031388747,0.038732495329267
metabolomics,cholesterol,~/Documents/GitHub/yuHCT/data/analysis/cholesterol.csv,M1720,values,8.174153644229385e-5,0.18751097697546523,0.6563723072446683,2.6565999343745503e-4
metabolomics,cholesterol,~/Documents/GitHub/yuHCT/data/analysis/cholesterol.csv,M1765,values,9.755944054555546e-5,0.32204141366807737,0.4664419716097727,2.8183838379827134e-4
metabolomics,cholesterol,~/Documents/GitHub/yuHCT/data/analysis/cholesterol.csv,M1858,values,2.44102277722039e-6,0.3453185117894667,0.5273364075378987,1.2693318441546027e-5
metabolomics,cholesterol,~/Documents/GitHub/yuHCT/data/analysis/cholesterol.csv,M2099,values,0.001606887583486045,0.21314525585598798,0.413121172984694,0.002695424333589495
metabolomics,cholesterol,~/Documents/GitHub/yuHCT/data/analysis/cholesterol.csv,M2252,values,3.894755353341187e-7,0.3744824570375915,0.5578197201124193,3.3754546395623617e-6
metabolomics,cholesterol,~/Documents/GitHub/yuHCT/data/analysis/cholesterol.csv,M2285,values,2.1327682502976403e-4,0.2570224509194911,0.5021122592804358,4.821910826759882e-4
metabolomics,cholesterol,~/Documents/GitHub/yuHCT/data/analysis/cholesterol.csv,M2353,values,5.90202869411659e-4,0.23737027517697992,0.4110715612375679,0.001117038312372373
metabolomics,cholesterol,~/Documents/GitHub/yuHCT/data/analysis/cholesterol.csv,M2837,values,2.7905415007535656e-5,0.2556258785413248,0.592442400098896,1.0364868431370387e-4
metabolomics,cholesterol,~/Documents/GitHub/yuHCT/data/analysis/cholesterol.csv,M2839,values,1.411444352974486e-5,0.2835363029569174,0.6354514133116705,5.645777411897944e-5
metabolomics,cholesterol,~/Documents/GitHub/yuHCT/data/analysis/cholesterol.csv,M2889,values,4.81835607633587e-6,0.37021291845862975,0.4964309073169955,2.087954299745544e-5
metabolomics,cholesterol,~/Documents/GitHub/yuHCT/data/analysis/cholesterol.csv,M3201,values,0.001521644131642864,0.14869449407186808,0.6913343525323958,0.002637516494847631
metabolomics,cholesterol,~/Documents/GitHub/yuHCT/data/analysis/cholesterol.csv,M3841,values,0.014243584315073278,0.1083178272088136,0.42578540612274157,0.01763491391390025
metabolomics,cholesterol,~/Documents/GitHub/yuHCT/data/analysis/cholesterol.csv,M3863,values,7.199346264926314e-4,0.0817998204829884,0.7721897199184424,0.0012909172612971323
metabolomics,cholesterol,~/Documents/GitHub/yuHCT/data/analysis/cholesterol.csv,M3955,values,1.6779977661506305e-4,0.23528755420411393,0.5622525589570666,4.155042087611085e-4
metabolomics,cholesterol,~/Documents/GitHub/yuHCT/data/analysis/cholesterol.csv,M3982,values,1.6181918058786178e-6,0.3542310944517909,0.5361944221185209,9.349552656187569e-6
metabolomics,cholesterol,~/Documents/GitHub/yuHCT/data/analysis/cholesterol.csv,M4029,values,0.01030391646319614,0.11170365188031456,0.48275895752385173,0.01339509140215498
metabolomics,cholesterol,~/Documents/GitHub/yuHCT/data/analysis/cholesterol.csv,M4089,values,0.002273930803467947,0.03643437436197539,0.8749203475502472,0.0035831636903131286
metabolomics,cholesterol,~/Documents/GitHub/yuHCT/data/analysis/cholesterol.csv,M5057,values,6.014821682005085e-4,0.26765717986889864,0.3949801785534433,0.001117038312372373
metabolomics,cholesterol,~/Documents/GitHub/yuHCT/data/analysis/cholesterol.csv,M5444,values,5.343691677899745e-4,0.19853119900036104,0.48675948226559346,0.001068738335579949
metabolomics,cholesterol,~/Documents/GitHub/yuHCT/data/analysis/cholesterol.csv,M5468,values,2.824990170977094e-7,0.37251479747877275,0.5959942387600385,3.02231605354578e-6
metabolomics,cholesterol,~/Documents/GitHub/yuHCT/data/analysis/cholesterol.csv,M5500,values,0.021618514438041928,0.10658548888063982,0.4188397050422109,0.026143319785539073
metabolomics,cholesterol,~/Documents/GitHub/yuHCT/data/analysis/cholesterol.csv,M5798,values,0.0030779037912755415,0.1850155756178819,0.3723577344271535,0.004707382269009652
metabolomics,cholesterol,~/Documents/GitHub/yuHCT/data/analysis/cholesterol.csv,M6161,values,0.002042612211037597,0.2362764969892748,0.3529375327352916,0.0033192448429360953
metabolomics,cholesterol,~/Documents/GitHub/yuHCT/data/analysis/cholesterol.csv,M6348,values,3.7434627133367993e-6,0.38789436483226986,0.4723296326364658,1.7696369190319417e-5
metabolomics,cholesterol,~/Documents/GitHub/yuHCT/data/analysis/cholesterol.csv,M6551,values,2.9060731284094037e-7,0.209829555677437,0.7567696354851936,3.02231605354578e-6
metabolomics,cholesterol,~/Documents/GitHub/yuHCT/data/analysis/cholesterol.csv,M7147,values,3.945602017593846e-8,0.13524534488785941,0.8759680795328572,1.2361793263568506e-6
metabolomics,cholesterol,~/Documents/GitHub/yuHCT/data/analysis/cholesterol.csv,M7184,values,0.003435725609508873,0.1757600004266658,0.4010008262951934,0.004962714769290595
metabolomics,cholesterol,~/Documents/GitHub/yuHCT/data/analysis/cholesterol.csv,M7318,values,1.5331637990882575e-4,0.25383102167755245,0.49504162699268006,3.9862258776294693e-4
metabolomics,cholesterol,~/Documents/GitHub/yuHCT/data/analysis/cholesterol.csv,M7424,values,1.7934810706497556e-4,0.07206750205439535,0.8714016907312088,4.2391370760812405e-4
metabolomics,cholesterol,~/Documents/GitHub/yuHCT/data/analysis/cholesterol.csv,M7488,values,0.0033391443328259786,0.1673460164387903,0.4062973546317716,0.004961014437341454
metabolomics,cholesterol,~/Documents/GitHub/yuHCT/data/analysis/cholesterol.csv,M7866,values,2.9883037662592677e-4,0.04398019479813907,0.9250683737207905,6.474658160228413e-4
metabolomics,cholesterol,~/Documents/GitHub/yuHCT/data/analysis/cholesterol.csv,M8004,values,1.0789790327526598e-6,0.35543991526830043,0.564348017623682,7.013363712892289e-6
metabolomics,cholesterol,~/Documents/GitHub/yuHCT/data/analysis/cholesterol.csv,M8135,values,8.917000545077333e-5,0.2744626186105662,0.4683848355635803,2.7275531079060073e-4
metabolomics,cholesterol,~/Documents/GitHub/yuHCT/data/analysis/cholesterol.csv,M8599,values,6.243288667675156e-7,0.3799221941301898,0.5590308948055045,4.637871581701544e-6
metabolomics,cholesterol,~/Documents/GitHub/yuHCT/data/analysis/cholesterol.csv,M8654,values,6.30011408881395e-5,0.28135951730896563,0.474023801753615,2.184039550788836e-4
metabolomics,HDL,~/Documents/GitHub/yuHCT/data/analysis/HDL.csv,M24,values,0.004951886147143197,0.06669874754614372,0.7128303838517835,0.016224612536173477
metabolomics,HDL,~/Documents/GitHub/yuHCT/data/analysis/HDL.csv,M243,values,0.0014094885094824807,0.1934464452764603,0.3547571562211682,0.006218331659481533
metabolomics,HDL,~/Documents/GitHub/yuHCT/data/analysis/HDL.csv,M387,values,0.00717920246895345,0.19948888504156853,0.19956906627449644,0.019942229080426248
metabolomics,HDL,~/Documents/GitHub/yuHCT/data/analysis/HDL.csv,M570,values,0.00523419681919401,0.21361664908264116,0.24133065144982319,0.016356865059981282
metabolomics,HDL,~/Documents/GitHub/yuHCT/data/analysis/HDL.csv,M784,values,0.007463726154730407,0.12350886496486381,0.4545934142453721,0.01999212362874216
metabolomics,HDL,~/Documents/GitHub/yuHCT/data/analysis/HDL.csv,M851,values,3.3674013196022094e-4,0.21798345199180297,0.45870019173880194,0.002889090090311432
metabolomics,HDL,~/Documents/GitHub/yuHCT/data/analysis/HDL.csv,M918,values,4.4085983868829567e-4,0.01332224006963722,0.9633249799001518,0.0033064487901622174
metabolomics,HDL,~/Documents/GitHub/yuHCT/data/analysis/HDL.csv,M1206,values,8.919544737514183e-6,0.3284352164850803,0.4814755725197246,6.689658553135637e-4
metabolomics,HDL,~/Documents/GitHub/yuHCT/data/analysis/HDL.csv,M2053,values,3.4669081083737183e-4,0.07627916427356744,0.8152558328553947,0.002889090090311432
metabolomics,HDL,~/Documents/GitHub/yuHCT/data/analysis/HDL.csv,M2171,values,0.001149253029733627,0.23715394223200295,0.23717297934595719,0.006156712659287287
metabolomics,HDL,~/Documents/GitHub/yuHCT/data/analysis/HDL.csv,M2497,values,8.26987430225396e-5,0.22618529899734907,0.5243137883832745,0.001033734287781745
metabolomics,HDL,~/Documents/GitHub/yuHCT/data/analysis/HDL.csv,M2802,values,2.6872137610960248e-5,0.30094672291451957,0.489354099300073,9.237583648989249e-4
metabolomics,HDL,~/Documents/GitHub/yuHCT/data/analysis/HDL.csv,M2806,values,1.1699434367731047e-4,0.27852782565918466,0.43158934514726055,0.0012535108251140407
metabolomics,HDL,~/Documents/GitHub/yuHCT/data/analysis/HDL.csv,M2963,values,0.0020355195655922817,0.2170089270584548,0.22474228087621484,0.007351930526931849
metabolomics,HDL,~/Documents/GitHub/yuHCT/data/analysis/HDL.csv,M4081,values,6.0635363124259074e-5,0.2222190040524485,0.5598769720120178,9.237583648989249e-4
metabolomics,HDL,~/Documents/GitHub/yuHCT/data/analysis/HDL.csv,M4107,values,0.013654946606389605,0.1517434822547729,0.1517434822547729,0.03303616114449098
metabolomics,HDL,~/Documents/GitHub/yuHCT/data/analysis/HDL.csv,M4151,values,0.0020585405475409177,0.20484280753744585,0.2827914689332346,0.007351930526931849
metabolomics,HDL,~/Documents/GitHub/yuHCT/data/analysis/HDL.csv,M4176,values,0.005755885153516077,0.18318676029200665,0.18318676029200665,0.01726765546054823
metabolomics,HDL,~/Documents/GitHub/yuHCT/data/analysis/HDL.csv,M4372,values,0.0015543008975750909,0.028607805790039763,0.902860780579004,0.006476253739896212
metabolomics,HDL,~/Documents/GitHub/yuHCT/data/analysis/HDL.csv,M5102,values,0.006735847169221336,0.1274310221400961,0.44460057250783475,0.019430328372753856
metabolomics,HDL,~/Documents/GitHub/yuHCT/data/analysis/HDL.csv,M5514,values,0.0013333108177118573,0.2226048437058898,0.29679193062543463,0.006218331659481533
metabolomics,HDL,~/Documents/GitHub/yuHCT/data/analysis/HDL.csv,M6030,values,6.739686305704226e-4,0.23733352916181746,0.3019430111075591,0.004046783617156458
metabolomics,HDL,~/Documents/GitHub/yuHCT/data/analysis/HDL.csv,M6388,values,0.0018689910026313424,0.2266944971965345,0.2266944971965345,0.007351930526931849
metabolomics,HDL,~/Documents/GitHub/yuHCT/data/analysis/HDL.csv,M6482,values,4.6630178312096777e-5,0.23290258984162554,0.5449685858073459,9.237583648989249e-4
metabolomics,HDL,~/Documents/GitHub/yuHCT/data/analysis/HDL.csv,M6535,values,7.014424936404527e-4,0.15756354423587374,0.5513058439641695,0.004046783617156458
metabolomics,HDL,~/Documents/GitHub/yuHCT/data/analysis/HDL.csv,M6573,values,0.010380883564983987,0.04677954787269292,0.7649747878490497,0.025952208912459966
metabolomics,HDL,~/Documents/GitHub/yuHCT/data/analysis/HDL.csv,M7255,values,6.690631482574531e-4,0.20840487798819446,0.3999841840308566,0.004046783617156458
metabolomics,HDL,~/Documents/GitHub/yuHCT/data/analysis/HDL.csv,M7512,values,0.004975547844426533,0.15431186371838004,0.34949692904497354,0.016224612536173477
metabolomics,HDL,~/Documents/GitHub/yuHCT/data/analysis/HDL.csv,M7887,values,0.009366207261608691,0.05922912220822852,0.7105053159084451,0.024222949814505235
metabolomics,HDL,~/Documents/GitHub/yuHCT/data/analysis/HDL.csv,M8041,values,6.158389099326166e-5,0.23471660300525424,0.5232336261420628,9.237583648989249e-4
metabolomics,HDL,~/Documents/GitHub/yuHCT/data/analysis/HDL.csv,M8341,values,0.0012626980540901118,0.18007380527221636,0.42862843143236184,0.006218331659481533
metabolomics,LDL,~/Documents/GitHub/yuHCT/data/analysis/LDL.csv,M45,values,0.018535519695025652,0.13314523459664052,0.2882511621549216,0.02920748558004042
metabolomics,LDL,~/Documents/GitHub/yuHCT/data/analysis/LDL.csv,M214,values,0.00288103779764007,0.19461109757927528,0.31352937822166005,0.007584611698928278
metabolomics,LDL,~/Documents/GitHub/yuHCT/data/analysis/LDL.csv,M819,values,0.008361343855931047,0.15678321674537984,0.34761401794560054,0.016103328907719053
metabolomics,LDL,~/Documents/GitHub/yuHCT/data/analysis/LDL.csv,M1120,values,0.017099470438411722,0.09462938512280471,0.5908172344673354,0.02778663946241905
metabolomics,LDL,~/Documents/GitHub/yuHCT/data/analysis/LDL.csv,M1329,values,6.49009813258781e-5,0.2543381600685202,0.5803460004906039,0.0013698630851518173
metabolomics,LDL,~/Documents/GitHub/yuHCT/data/analysis/LDL.csv,M1720,values,1.484865936630908e-4,0.20601398265646442,0.5914529782929753,0.00165969697170467
metabolomics,LDL,~/Documents/GitHub/yuHCT/data/analysis/LDL.csv,M1765,values,0.0011597754098460822,0.26314560256083225,0.43260329318936996,0.004307737236571163
metabolomics,LDL,~/Documents/GitHub/yuHCT/data/analysis/LDL.csv,M1793,values,0.021594777617234467,0.10552781459838992,0.44301144340169846,0.03208366960274835
metabolomics,LDL,~/Documents/GitHub/yuHCT/data/analysis/LDL.csv,M2252,values,5.477752081895954e-5,0.27699839520990344,0.5164939768912181,0.0013698630851518173
metabolomics,LDL,~/Documents/GitHub/yuHCT/data/analysis/LDL.csv,M2506,values,0.0099956805494574915,0.17430593500254524,0.3070952228572953,0.018563406734706772
metabolomics,LDL,~/Documents/GitHub/yuHCT/data/analysis/LDL.csv,M2837,values,2.553379956468723e-4,0.16896599435706885,0.6466454490650863,0.00165969697170467
metabolomics,LDL,~/Documents/GitHub/yuHCT/data/analysis/LDL.csv,M2889,values,5.810634641700515e-4,0.16856424397690656,0.6089710954303303,0.002517941678070223
metabolomics,LDL,~/Documents/GitHub/yuHCT/data/analysis/LDL.csv,M2967,values,0.006783912204276712,0.13536690268127585,0.4489879757473333,0.014110537384895563
metabolomics,LDL,~/Documents/GitHub/yuHCT/data/analysis/LDL.csv,M3351,values,0.011721741457948485,0.01961871352109433,0.9045017491761583,0.020317685193777375
metabolomics,LDL,~/Documents/GitHub/yuHCT/data/analysis/LDL.csv,M3863,values,0.002268797892046673,0.19360803099414506,0.3333182541639492,0.0069398523756721755
metabolomics,LDL,~/Documents/GitHub/yuHCT/data/analysis/LDL.csv,M3955,values,0.004273243394724975,0.17281002020184957,0.4334616863998688,0.009661245935899943
metabolomics,LDL,~/Documents/GitHub/yuHCT/data/analysis/LDL.csv,M4045,values,0.014391840566824132,0.14518516913465537,0.27387039574336136,0.024141151918543706
metabolomics,LDL,~/Documents/GitHub/yuHCT/data/analysis/LDL.csv,M4089,values,0.0024180048714291078,0.03425644325986036,0.8806022434658974,0.006985347406350755
metabolomics,LDL,~/Documents/GitHub/yuHCT/data/analysis/LDL.csv,M4130,values,0.0031417310110754175,0.1699385516587904,0.5299932487769856,0.007659657677496783
metabolomics,LDL,~/Documents/GitHub/yuHCT/data/analysis/LDL.csv,M4191,values,0.007378906143972785,0.1689912197302908,0.40234611769752116,0.01475781228794557
metabolomics,LDL,~/Documents/GitHub/yuHCT/data/analysis/LDL.csv,M4696,values,0.020846456962582006,0.11877548438477183,0.507767586509191,0.031882816531007774
metabolomics,LDL,~/Documents/GitHub/yuHCT/data/analysis/LDL.csv,M5468,values,7.903056260491253e-5,0.14973138955224458,0.7381341319351582,0.0013698630851518173
metabolomics,LDL,~/Documents/GitHub/yuHCT/data/analysis/LDL.csv,M5853,values,3.5966861110711245e-4,0.10214390611244084,0.7475526515123574,0.0020780853086188717
metabolomics,LDL,~/Documents/GitHub/yuHCT/data/analysis/LDL.csv,M6043,values,5.243282644815669e-4,0.17116582966604377,0.5412829882661697,0.0024786427048219526
metabolomics,LDL,~/Documents/GitHub/yuHCT/data/analysis/LDL.csv,M6348,values,4.958797186548526e-4,0.18094613401616716,0.5952910713080976,0.0024786427048219526
metabolomics,LDL,~/Documents/GitHub/yuHCT/data/analysis/LDL.csv,M6835,values,6.535462923352882e-4,0.17784191706361532,0.5263900149894327,0.002614185169341153
metabolomics,LDL,~/Documents/GitHub/yuHCT/data/analysis/LDL.csv,M7066,values,0.002193972495815673,0.1960551777409552,0.48763895651775224,0.0069398523756721755
metabolomics,LDL,~/Documents/GitHub/yuHCT/data/analysis/LDL.csv,M7147,values,1.7023383670910017e-4,0.23033007975203695,0.5509650217879992,0.00165969697170467
metabolomics,LDL,~/Documents/GitHub/yuHCT/data/analysis/LDL.csv,M7470,values,0.0018193643829436388,0.14411562208078366,0.560439687009,0.006307129860871281
metabolomics,LDL,~/Documents/GitHub/yuHCT/data/analysis/LDL.csv,M7488,values,0.004806280562035048,0.1611234894522725,0.37989643180680177,0.01041360788440927
metabolomics,LDL,~/Documents/GitHub/yuHCT/data/analysis/LDL.csv,M7866,values,0.01051180097455541,0.14059847518625845,0.5292897957656281,0.018848746575064874
metabolomics,LDL,~/Documents/GitHub/yuHCT/data/analysis/LDL.csv,M8004,values,2.2725623594376253e-4,0.262132434290249,0.4619788788967005,0.00165969697170467
metabolomics,LDL,~/Documents/GitHub/yuHCT/data/analysis/LDL.csv,M8135,values,0.0032406244020178696,0.10685819558717875,0.6391160305931824,0.007659657677496783
metabolomics,LDL,~/Documents/GitHub/yuHCT/data/analysis/LDL.csv,M8599,values,2.0763197547514375e-4,0.27426056560519146,0.4628379665574686,0.00165969697170467
metabolomics,LDL,~/Documents/GitHub/yuHCT/data/analysis/LDL.csv,M8654,values,0.0029171583457416454,0.1669968151223366,0.44604834570480234,0.007584611698928278
metabolomics,triglycerides,~/Documents/GitHub/yuHCT/data/analysis/triglycerides.csv,M181,values,6.308758487641841e-10,0.5150243574545107,0.6190662885372639,1.0304305529815006e-8
metabolomics,triglycerides,~/Documents/GitHub/yuHCT/data/analysis/triglycerides.csv,M216,values,8.728156041766775e-7,0.26142711710320843,0.6732992122195655,2.0365697430789144e-6
metabolomics,triglycerides,~/Documents/GitHub/yuHCT/data/analysis/triglycerides.csv,M580,values,0.0013161053835459091,0.17734300894857513,0.49332916097925544,0.0014019383433423816
metabolomics,triglycerides,~/Documents/GitHub/yuHCT/data/analysis/triglycerides.csv,M587,values,1.128075339253825e-6,0.4517875223582515,0.7864481822037743,2.5125314374289736e-6
metabolomics,triglycerides,~/Documents/GitHub/yuHCT/data/analysis/triglycerides.csv,M660,values,9.110004233227196e-8,0.2972475452074771,0.7072355751493684,4.399639346854035e-7
metabolomics,triglycerides,~/Documents/GitHub/yuHCT/data/analysis/triglycerides.csv,M1120,values,4.014333525203798e-6,0.3476213638964238,0.5776561994231368,7.025083669106646e-6
metabolomics,triglycerides,~/Documents/GitHub/yuHCT/data/analysis/triglycerides.csv,M1317,values,2.4507450449041827e-6,0.268608949520127,0.6377977534975751,4.96043579188982e-6
metabolomics,triglycerides,~/Documents/GitHub/yuHCT/data/analysis/triglycerides.csv,M1803,values,2.0917180601805028e-4,0.18436804034803547,0.60626895864862,2.5623546237211163e-4
metabolomics,triglycerides,~/Documents/GitHub/yuHCT/data/analysis/triglycerides.csv,M2037,values,9.368825092956103e-8,0.41673948263495497,0.5166204284126118,4.399639346854035e-7
metabolomics,triglycerides,~/Documents/GitHub/yuHCT/data/analysis/triglycerides.csv,M2285,values,9.760165571151647e-5,0.23495040668927317,0.608968264058712,1.2925624675308938e-4
metabolomics,triglycerides,~/Documents/GitHub/yuHCT/data/analysis/triglycerides.csv,M2288,values,2.2273000150913773e-4,0.22921317880935305,0.5289551098641537,2.661895139987256e-4
metabolomics,triglycerides,~/Documents/GitHub/yuHCT/data/analysis/triglycerides.csv,M2290,values,0.006277692591426593,0.17194981554284844,0.3691649594690232,0.00640847785374798
metabolomics,triglycerides,~/Documents/GitHub/yuHCT/data/analysis/triglycerides.csv,M2630,values,2.544991614860499e-11,0.4946384813194521,0.6666862327044634,1.2470458912816446e-9
metabolomics,triglycerides,~/Documents/GitHub/yuHCT/data/analysis/triglycerides.csv,M2698,values,7.217551842955398e-6,0.39172140769560143,0.5576462279695475,1.1051876259525453e-5
metabolomics,triglycerides,~/Documents/GitHub/yuHCT/data/analysis/triglycerides.csv,M2739,values,5.958533730888283e-7,0.3842747227913146,0.5388379790508592,1.622045293408477e-6
metabolomics,triglycerides,~/Documents/GitHub/yuHCT/data/analysis/triglycerides.csv,M2759,values,6.301766935071505e-7,0.13657764688616408,0.8278983030767686,1.625192525360546e-6
metabolomics,triglycerides,~/Documents/GitHub/yuHCT/data/analysis/triglycerides.csv,M2837,values,1.6247769795736902e-4,0.2430856182760603,0.5517758179873327,2.041386461515662e-4
metabolomics,triglycerides,~/Documents/GitHub/yuHCT/data/analysis/triglycerides.csv,M2867,values,7.706018308602374e-5,0.08598120417434885,0.8384174863490871,1.0488747142264344e-4
metabolomics,triglycerides,~/Documents/GitHub/yuHCT/data/analysis/triglycerides.csv,M2889,values,8.166553919121523e-7,0.4154463009426222,0.46492478233397166,2.000805710184773e-6
metabolomics,triglycerides,~/Documents/GitHub/yuHCT/data/analysis/triglycerides.csv,M3107,values,4.011707708838731e-6,0.31987081994886857,0.5456300541453647,7.025083669106646e-6
metabolomics,triglycerides,~/Documents/GitHub/yuHCT/data/analysis/triglycerides.csv,M3115,values,5.242983124888931e-5,0.2642808564641342,0.5512269826299653,7.340176374844503e-5
metabolomics,triglycerides,~/Documents/GitHub/yuHCT/data/analysis/triglycerides.csv,M3201,values,3.5172653820768053e-4,0.12782707597246953,0.7834347343166246,4.0080465981805457e-4
metabolomics,triglycerides,~/Documents/GitHub/yuHCT/data/analysis/triglycerides.csv,M3577,values,9.813308751531586e-4,0.18326541472952737,0.5151334516472241,0.0010685602862778836
metabolomics,triglycerides,~/Documents/GitHub/yuHCT/data/analysis/triglycerides.csv,M3955,values,0.005792505238436534,0.14728567351841637,0.4990416493522256,0.0060389948230508556
metabolomics,triglycerides,~/Documents/GitHub/yuHCT/data/analysis/triglycerides.csv,M4051,values,1.0596402946498002e-10,0.5031719218357911,0.6328995174316958,2.5961187218920106e-9
metabolomics,triglycerides,~/Documents/GitHub/yuHCT/data/analysis/triglycerides.csv,M5057,values,3.969078375497004e-7,0.43703401879965653,0.4463845191291983,1.2155302524959576e-6
metabolomics,triglycerides,~/Documents/GitHub/yuHCT/data/analysis/triglycerides.csv,M5184,values,1.2287887988380724e-4,0.2951760814854608,0.3281644218200022,1.5844908195543564e-4
metabolomics,triglycerides,~/Documents/GitHub/yuHCT/data/analysis/triglycerides.csv,M5233,values,2.888395968455492e-5,0.2508823126980798,0.6162466944568624,4.162688307479974e-5
metabolomics,triglycerides,~/Documents/GitHub/yuHCT/data/analysis/triglycerides.csv,M5468,values,3.8158951593368564e-7,0.266253872489184,0.6833877303375667,1.2155302524959576e-6
metabolomics,triglycerides,~/Documents/GitHub/yuHCT/data/analysis/triglycerides.csv,M5849,values,1.0779961217313583e-7,0.44039100037886647,0.47751784990522694,4.399639346854035e-7
metabolomics,triglycerides,~/Documents/GitHub/yuHCT/data/analysis/triglycerides.csv,M6348,values,1.321551895294888e-6,0.36538363549485725,0.5296646893201234,2.8154801247586746e-6
metabolomics,triglycerides,~/Documents/GitHub/yuHCT/data/analysis/triglycerides.csv,M6420,values,2.6366462407349583e-4,0.1539043048431574,0.6489190897498054,3.0760872808574514e-4
metabolomics,triglycerides,~/Documents/GitHub/yuHCT/data/analysis/triglycerides.csv,M6457,values,5.167383538687588e-6,0.33535158344223687,0.5009821182831008,8.440059779856394e-6
metabolomics,triglycerides,~/Documents/GitHub/yuHCT/data/analysis/triglycerides.csv,M6698,values,1.1672512552878053e-7,0.4226922036873028,0.517367521622679,4.399639346854035e-7
metabolomics,triglycerides,~/Documents/GitHub/yuHCT/data/analysis/triglycerides.csv,M7044,values,7.141979391061202e-4,0.19817138043620053,0.4734587559121898,7.953567958227247e-4
metabolomics,triglycerides,~/Documents/GitHub/yuHCT/data/analysis/triglycerides.csv,M7104,values,9.6507662891717e-9,0.42922944697595095,0.591614150719445,8.477721556569939e-8
metabolomics,triglycerides,~/Documents/GitHub/yuHCT/data/analysis/triglycerides.csv,M7147,values,3.733373527535543e-9,0.4705495748371365,0.6156992459734177,4.57338257123104e-8
metabolomics,triglycerides,~/Documents/GitHub/yuHCT/data/analysis/triglycerides.csv,M7318,values,2.9384891497159627e-7,0.3701876714853901,0.5662123567470031,1.028471202400587e-6
metabolomics,triglycerides,~/Documents/GitHub/yuHCT/data/analysis/triglycerides.csv,M7320,values,1.1281985926601741e-7,0.41261529447912715,0.5119666587576365,4.399639346854035e-7
metabolomics,triglycerides,~/Documents/GitHub/yuHCT/data/analysis/triglycerides.csv,M7424,values,2.069505958208314e-8,0.15601225122578377,0.8432787151030243,1.4486541707458196e-7
metabolomics,triglycerides,~/Documents/GitHub/yuHCT/data/analysis/triglycerides.csv,M7611,values,1.0380883538657068e-8,0.28488657704946974,0.717668372571833,8.477721556569939e-8
metabolomics,triglycerides,~/Documents/GitHub/yuHCT/data/analysis/triglycerides.csv,M8004,values,5.626774162852616e-7,0.40921464349515413,0.5035029439733892,1.6218349057634011e-6
metabolomics,triglycerides,~/Documents/GitHub/yuHCT/data/analysis/triglycerides.csv,M8135,values,2.530834587698888e-6,0.3225896255528696,0.5644071735570413,4.96043579188982e-6
metabolomics,triglycerides,~/Documents/GitHub/yuHCT/data/analysis/triglycerides.csv,M8374,values,6.938943535106516e-6,0.3229249347843492,0.4804818636888443,1.096800752323288e-5
metabolomics,triglycerides,~/Documents/GitHub/yuHCT/data/analysis/triglycerides.csv,M8489,values,1.0609861205564559e-5,0.2970555807583478,0.5020709787646278,1.5754036335535253e-5
metabolomics,triglycerides,~/Documents/GitHub/yuHCT/data/analysis/triglycerides.csv,M8599,values,3.8761137175451936e-8,0.4571475816463084,0.49630858178610576,2.374119651996431e-7
metabolomics,triglycerides,~/Documents/GitHub/yuHCT/data/analysis/triglycerides.csv,M8654,values,2.6398732643392464e-6,0.32007026131808225,0.5693146854513313,4.97514576740858e-6
metabolomics,triglycerides,~/Documents/GitHub/yuHCT/data/analysis/triglycerides.csv,M8745,values,4.242695887993285e-6,0.34204802255962374,0.4800433160355226,7.168693052126585e-6
metabolomics,ferritin,~/Documents/GitHub/yuHCT/data/analysis/ferritin.csv,M51,values,2.2183675652051948e-4,0.2847196200689937,0.2901101793470705,0.005435000534752727
metabolomics,ferritin,~/Documents/GitHub/yuHCT/data/analysis/ferritin.csv,M112,values,0.004819727512388417,0.18941622434275182,0.18949685336308164,0.023616664810703243
metabolomics,ferritin,~/Documents/GitHub/yuHCT/data/analysis/ferritin.csv,M1240,values,0.0011934649763450367,0.18897234160845505,0.4543239771591445,0.008354254834415258
metabolomics,ferritin,~/Documents/GitHub/yuHCT/data/analysis/ferritin.csv,M1544,values,9.573792554273616e-4,0.24106834066208024,0.24861626062236983,0.008354254834415258
metabolomics,ferritin,~/Documents/GitHub/yuHCT/data/analysis/ferritin.csv,M2910,values,0.01793172836835049,0.18771049224912856,0.19592945602787043,0.046244983686798635
metabolomics,ferritin,~/Documents/GitHub/yuHCT/data/analysis/ferritin.csv,M3375,values,0.0020701915991579866,0.2108908360638273,0.2498329779248907,0.012679923544842668
metabolomics,ferritin,~/Documents/GitHub/yuHCT/data/analysis/ferritin.csv,M4209,values,3.557668484539114e-5,0.3305104129093217,0.3734234320289845,0.0017432575574241656
metabolomics,ferritin,~/Documents/GitHub/yuHCT/data/analysis/ferritin.csv,M4296,values,0.016142832063325504,0.14215418817721737,0.22732484625559274,0.046244983686798635
metabolomics,ferritin,~/Documents/GitHub/yuHCT/data/analysis/ferritin.csv,M5003,values,0.003997488942055416,0.19098932246319397,0.23934697712930736,0.02176410646230171
metabolomics,ferritin,~/Documents/GitHub/yuHCT/data/analysis/ferritin.csv,M5296,values,0.009617292896064661,0.16449160306825664,0.16625110973204701,0.0392706126589307
metabolomics,ferritin,~/Documents/GitHub/yuHCT/data/analysis/ferritin.csv,M5440,values,0.016277348016014628,0.14492474143010176,0.14641804443777068,0.046244983686798635
metabolomics,ferritin,~/Documents/GitHub/yuHCT/data/analysis/ferritin.csv,M5952,values,0.014350155811327302,0.14585505390167877,0.19764809415897874,0.046244983686798635
metabolomics,ferritin,~/Documents/GitHub/yuHCT/data/analysis/ferritin.csv,M6727,values,0.017104115138495624,0.14204600958255023,0.15058038513386132,0.046244983686798635
metabolomics,ferritin,~/Documents/GitHub/yuHCT/data/analysis/ferritin.csv,M7118,values,4.592903491274724e-4,0.32072071504294,0.4969965887957852,0.006027721106430399
metabolomics,ferritin,~/Documents/GitHub/yuHCT/data/analysis/ferritin.csv,M7242,values,0.001090353834275628,0.22768517197767227,0.27469175851979394,0.008354254834415258
metabolomics,ferritin,~/Documents/GitHub/yuHCT/data/analysis/ferritin.csv,M7443,values,0.01508452681904328,0.029331295031780592,0.8311601716069519,0.046244983686798635
metabolomics,ferritin,~/Documents/GitHub/yuHCT/data/analysis/ferritin.csv,M7508,values,4.92058865831053e-4,0.2541700974852518,0.32611312574382134,0.006027721106430399
metabolomics,ferritin,~/Documents/GitHub/yuHCT/data/analysis/ferritin.csv,M7827,values,0.01720469574653821,0.14282794001677143,0.14569885387868303,0.046244983686798635
metabolomics,ferritin,~/Documents/GitHub/yuHCT/data/analysis/ferritin.csv,M8472,values,0.00852567737933377,0.15429126084312775,0.27175595500877964,0.037978017417032245
metabolomics,iron,~/Documents/GitHub/yuHCT/data/analysis/iron.csv,M198,values,2.052135325207671e-5,0.3463381716302715,0.3515725627690313,1.2714990849505372e-4
metabolomics,iron,~/Documents/GitHub/yuHCT/data/analysis/iron.csv,M1236,values,0.003421148681708446,0.19233058599265976,0.26642497778095514,0.006651161763241433
metabolomics,iron,~/Documents/GitHub/yuHCT/data/analysis/iron.csv,M1251,values,0.006790631940284791,0.1397811469158914,0.6151927900982335,0.011317719900474652
metabolomics,iron,~/Documents/GitHub/yuHCT/data/analysis/iron.csv,M1694,values,4.137675641886225e-4,0.23849030568513888,0.3597376937488604,0.001379225213962075
metabolomics,iron,~/Documents/GitHub/yuHCT/data/analysis/iron.csv,M2359,values,0.0023531220399423698,0.22254289498180863,0.23024049008099864,0.005882805099855924
metabolomics,iron,~/Documents/GitHub/yuHCT/data/analysis/iron.csv,M2734,values,0.012290458766369045,0.15185509790146492,0.1763435504552257,0.018908398102106226
metabolomics,iron,~/Documents/GitHub/yuHCT/data/analysis/iron.csv,M2990,values,5.6586867093090574e-6,0.31218764956958817,0.4867595050921201,1.1317373418618115e-4
metabolomics,iron,~/Documents/GitHub/yuHCT/data/analysis/iron.csv,M4663,values,7.255574550629729e-4,0.07296046164621549,0.7828432299997189,0.0020730213001799226
metabolomics,iron,~/Documents/GitHub/yuHCT/data/analysis/iron.csv,M4990,values,0.0036581389697827884,0.1974041258209409,0.20535061962469398,0.006651161763241433
metabolomics,iron,~/Documents/GitHub/yuHCT/data/analysis/iron.csv,M7588,values,0.028617871955931507,0.060152742874832583,0.573122886898856,0.0408826742227593
metabolomics,iron,~/Documents/GitHub/yuHCT/data/analysis/iron.csv,M7858,values,0.0029392024270966984,0.20642229920387506,0.20650164903897114,0.006531560949103774
metabolomics,iron,~/Documents/GitHub/yuHCT/data/analysis/iron.csv,M7976,values,2.0168237609177023e-4,0.26180558057297343,0.4191184901036947,8.067295043670809e-4
metabolomics,iron,~/Documents/GitHub/yuHCT/data/analysis/iron.csv,M8072,values,2.5429981699010745e-5,0.33813416215630243,0.3537193099507161,1.2714990849505372e-4
metabolomics,iron,~/Documents/GitHub/yuHCT/data/analysis/iron.csv,M8790,values,2.3500213708677594e-5,0.34037141447624253,0.3539190525306156,1.2714990849505372e-4
metabolomics,transferrin,~/Documents/GitHub/yuHCT/data/analysis/transferrin.csv,M318,values,7.520512804244957e-4,0.21487221338834522,0.3566693060840058,0.001982680648391852
metabolomics,transferrin,~/Documents/GitHub/yuHCT/data/analysis/transferrin.csv,M544,values,0.008053840642862175,0.17091281252351012,0.17238963877686087,0.011852826412116081
metabolomics,transferrin,~/Documents/GitHub/yuHCT/data/analysis/transferrin.csv,M770,values,8.962218410804486e-4,0.24299958941316704,0.251425816646147,0.0021658694492777504
metabolomics,transferrin,~/Documents/GitHub/yuHCT/data/analysis/transferrin.csv,M837,values,3.1472429113927583e-4,0.1403834598550481,0.6322963674724082,0.0015211674071731664
metabolomics,transferrin,~/Documents/GitHub/yuHCT/data/analysis/transferrin.csv,M960,values,1.2757032740490558e-6,0.11513366489251277,0.8403629193577455,7.399078989484524e-5
metabolomics,transferrin,~/Documents/GitHub/yuHCT/data/analysis/transferrin.csv,M1175,values,4.2715950209451064e-4,0.26715824646394076,0.2680290038482393,0.0015708033468762477
metabolomics,transferrin,~/Documents/GitHub/yuHCT/data/analysis/transferrin.csv,M1318,values,6.830921612741723e-4,0.2514224428713741,0.2589458613810623,0.0018866354930429522
metabolomics,transferrin,~/Documents/GitHub/yuHCT/data/analysis/transferrin.csv,M1557,values,6.113959693218613e-4,0.24464212560805856,0.3144686199608367,0.0018663666431930504
metabolomics,transferrin,~/Documents/GitHub/yuHCT/data/analysis/transferrin.csv,M1602,values,0.0020943002246406853,0.08009136468485092,0.7122976697990085,0.0044988671492281395
metabolomics,transferrin,~/Documents/GitHub/yuHCT/data/analysis/transferrin.csv,M2161,values,0.004344621621108648,0.07764815120845107,0.6754263567125283,0.007636001637100048
metabolomics,transferrin,~/Documents/GitHub/yuHCT/data/analysis/transferrin.csv,M2299,values,0.004002458775672117,0.22828233182947577,0.22828233182947577,0.007254456530905713
metabolomics,transferrin,~/Documents/GitHub/yuHCT/data/analysis/transferrin.csv,M2300,values,6.788403610118243e-4,0.06635095271703924,0.8046186724321677,0.0018866354930429522
metabolomics,transferrin,~/Documents/GitHub/yuHCT/data/analysis/transferrin.csv,M2654,values,0.0012270719027587056,0.18789983758654977,0.388600385607586,0.002737314244615574
metabolomics,transferrin,~/Documents/GitHub/yuHCT/data/analysis/transferrin.csv,M2698,values,1.9813987750672373e-4,0.32319908717422813,0.32319908717422813,0.0011492112895389976
metabolomics,transferrin,~/Documents/GitHub/yuHCT/data/analysis/transferrin.csv,M3036,values,4.8501135887159014e-4,0.21128798089401238,0.4139077623662833,0.001654744636150131
metabolomics,transferrin,~/Documents/GitHub/yuHCT/data/analysis/transferrin.csv,M3134,values,0.024091410505136544,0.12904057036713196,0.13771746968585968,0.02972982572974297
metabolomics,transferrin,~/Documents/GitHub/yuHCT/data/analysis/transferrin.csv,M3201,values,0.0010083029219557977,0.30191498830281505,0.30191498830281505,0.0023392627789374505
metabolomics,transferrin,~/Documents/GitHub/yuHCT/data/analysis/transferrin.csv,M3358,values,0.011476062342935056,0.08122034982320424,0.5678462945093022,0.015847895616434123
metabolomics,transferrin,~/Documents/GitHub/yuHCT/data/analysis/transferrin.csv,M3423,values,1.8649521157861293e-4,0.291112567355674,0.2911126565382636,0.0011492112895389976
metabolomics,transferrin,~/Documents/GitHub/yuHCT/data/analysis/transferrin.csv,M3437,values,0.005129619271688884,0.14667615805390394,0.36334940176153363,0.008074937186087849
metabolomics,transferrin,~/Documents/GitHub/yuHCT/data/analysis/transferrin.csv,M3488,values,3.566469075031949e-4,0.2734677407905497,0.4580219997974466,0.0015708033468762477
metabolomics,transferrin,~/Documents/GitHub/yuHCT/data/analysis/transferrin.csv,M3567,values,0.0051512530325043175,0.10997538895187818,0.5221857739802025,0.008074937186087849
metabolomics,transferrin,~/Documents/GitHub/yuHCT/data/analysis/transferrin.csv,M3696,values,0.01324056165226845,0.08166893625224392,0.5475169915253855,0.017453467632535684
metabolomics,transferrin,~/Documents/GitHub/yuHCT/data/analysis/transferrin.csv,M3767,values,4.093158802884069e-5,0.28423826514046524,0.4616617566231028,3.201394232155536e-4
metabolomics,transferrin,~/Documents/GitHub/yuHCT/data/analysis/transferrin.csv,M3957,values,3.3380739651982744e-5,0.33613073857366366,0.33613073857366366,3.201394232155536e-4
metabolomics,transferrin,~/Documents/GitHub/yuHCT/data/analysis/transferrin.csv,M4416,values,0.04284908480470561,0.10080187060316158,0.16438916737326142,0.04873033173868481
metabolomics,transferrin,~/Documents/GitHub/yuHCT/data/analysis/transferrin.csv,M4442,values,3.393994643809184e-5,0.33572137763649096,0.33572137763649096,3.201394232155536e-4
metabolomics,transferrin,~/Documents/GitHub/yuHCT/data/analysis/transferrin.csv,M5003,values,0.004732842269530775,0.19316560815931258,0.20107425888093397,0.00789579639372299
metabolomics,transferrin,~/Documents/GitHub/yuHCT/data/analysis/transferrin.csv,M5078,values,0.002517806549759302,0.2102815150618233,0.22140548693767428,0.004867959072406214
metabolomics,transferrin,~/Documents/GitHub/yuHCT/data/analysis/transferrin.csv,M5136,values,4.3332506120724075e-4,0.03166605552792362,0.9130525732642196,0.0015708033468762477
metabolomics,transferrin,~/Documents/GitHub/yuHCT/data/analysis/transferrin.csv,M5329,values,1.5469140835402372e-5,0.2905301299640618,0.5735553370377444,2.990700561511125e-4
metabolomics,transferrin,~/Documents/GitHub/yuHCT/data/analysis/transferrin.csv,M5333,values,0.0031315000171712364,0.2042498446380997,0.2044543818764013,0.005858935515997797
metabolomics,transferrin,~/Documents/GitHub/yuHCT/data/analysis/transferrin.csv,M5468,values,1.1341099362142248e-5,0.3594176706372328,0.365916449846987,2.990700561511125e-4
metabolomics,transferrin,~/Documents/GitHub/yuHCT/data/analysis/transferrin.csv,M5773,values,0.01486755659774744,0.07222002990053547,0.8793772688989628,0.01916262850376337
metabolomics,transferrin,~/Documents/GitHub/yuHCT/data/analysis/transferrin.csv,M5915,values,0.03816974336151439,0.1111565832935739,0.12133451503300016,0.044276902299356685
metabolomics,transferrin,~/Documents/GitHub/yuHCT/data/analysis/transferrin.csv,M5990,values,5.96954186551316e-4,0.23880911379264963,0.31105654190715026,0.0018663666431930504
metabolomics,transferrin,~/Documents/GitHub/yuHCT/data/analysis/transferrin.csv,M6327,values,4.042188729188383e-4,0.2667330610698532,0.2752160724570045,0.0015708033468762477
metabolomics,transferrin,~/Documents/GitHub/yuHCT/data/analysis/transferrin.csv,M6531,values,0.012409024836335268,0.1630305771324934,0.16823583318323537,0.016737754430405708
metabolomics,transferrin,~/Documents/GitHub/yuHCT/data/analysis/transferrin.csv,M6662,values,0.011242744562964847,0.15895495228771328,0.15903904833423424,0.015847895616434123
metabolomics,transferrin,~/Documents/GitHub/yuHCT/data/analysis/transferrin.csv,M6736,values,0.0355036486738947,0.12138088314127032,0.12138090927747376,0.042024727001752915
metabolomics,transferrin,~/Documents/GitHub/yuHCT/data/analysis/transferrin.csv,M7365,values,0.00476470472035008,0.18830726874515252,0.19634383113704731,0.00789579639372299
metabolomics,transferrin,~/Documents/GitHub/yuHCT/data/analysis/transferrin.csv,M7467,values,0.006435237792258424,0.16810123268927102,0.23017101834445794,0.009822205051341805
metabolomics,transferrin,~/Documents/GitHub/yuHCT/data/analysis/transferrin.csv,M7501,values,7.985217252998826e-4,0.24843776180550106,0.24880969427659894,0.0020136634811910082
metabolomics,transferrin,~/Documents/GitHub/yuHCT/data/analysis/transferrin.csv,M7827,values,0.002517909865037697,0.08534799297839836,0.6861309417071468,0.004867959072406214
metabolomics,transferrin,~/Documents/GitHub/yuHCT/data/analysis/transferrin.csv,M7999,values,0.015658257261991045,0.00959599008332024,0.9829190535479315,0.01974302002598871
metabolomics,transferrin,~/Documents/GitHub/yuHCT/data/analysis/transferrin.csv,M8135,values,4.4157161822834976e-5,0.3267915193758714,0.3341465332970773,3.201394232155536e-4
metabolomics,transferrin,~/Documents/GitHub/yuHCT/data/analysis/transferrin.csv,M8144,values,0.03190084471591533,0.11665866287950172,0.14164772260615419,0.038546854031731026
metabolomics,transferrin,~/Documents/GitHub/yuHCT/data/analysis/transferrin.csv,M8323,values,2.6510574397888904e-4,0.2666053183891706,0.3185667251547832,0.0013978302864341421
metabolomics,transferrin,~/Documents/GitHub/yuHCT/data/analysis/transferrin.csv,M8545,values,0.002477524053654113,0.034976659279010856,0.8701331188069097,0.004867959072406214
metabolomics,transferrin,~/Documents/GitHub/yuHCT/data/analysis/transferrin.csv,M8584,values,0.008174363042838678,0.13654431115419455,0.3362984064916135,0.011852826412116081
metabolomics,transferrin,~/Documents/GitHub/yuHCT/data/analysis/transferrin.csv,M8654,values,3.190405828219679e-5,0.3372410512269181,0.33724748701030405,3.201394232155536e-4
metabolomics,transferrin,~/Documents/GitHub/yuHCT/data/analysis/transferrin.csv,M8815,values,0.04431800863256975,0.1063074522322233,0.10630767565430663,0.04943162501325088
metabolomics,hvr,~/Documents/GitHub/yuHCT/data/analysis/hvr.csv,M562,values,0.0019967309111918715,0.12320521366269206,0.3118399509229412,0.03249521544113692
metabolomics,hvr,~/Documents/GitHub/yuHCT/data/analysis/hvr.csv,M858,values,9.560825215113074e-4,0.1998348281003847,0.4448217410975803,0.03249521544113692
metabolomics,hvr,~/Documents/GitHub/yuHCT/data/analysis/hvr.csv,M1864,values,0.005951495975221163,0.11098931381921688,0.25237976746034313,0.04880226699681353
metabolomics,hvr,~/Documents/GitHub/yuHCT/data/analysis/hvr.csv,M4309,values,0.005560648398379566,0.09185354940471101,0.38309783631323574,0.04880226699681353
metabolomics,hvr,~/Documents/GitHub/yuHCT/data/analysis/hvr.csv,M7306,values,0.0023776986908148967,0.13558417112080162,0.3117913229729335,0.03249521544113692
proteomics,hct,NA,SAA4,values,2.3344787229073976e-4,0.11657835037477589,0.5364384458500705,0.02124375637845732
proteomics,hb,NA,SAA4,values,1.668566099970679e-4,0.1146248814080772,0.5560510615999763,0.015183951509733179
proteomics,resting_hr,NA,ICAM1,values,0.0023404201356145254,0.130988493107852,0.2626817177125351,0.02129782323409218
proteomics,resting_hr,NA,IGFBP6,values,0.009260351782637273,0.09457736645192019,0.28873386155772157,0.04012819105809485
proteomics,resting_hr,NA,CCL14,values,0.014948775965068346,0.07858491164691667,0.29434911830685156,0.0486834188177512
proteomics,resting_hr,NA,NOTCH1,values,0.003283766321773684,0.11745320212570073,0.2765778785310226,0.023334411857131206
proteomics,resting_hr,NA,CST3,values,0.004760257800564768,0.1080039180798709,0.2995048574421019,0.028891761312129498
proteomics,resting_hr,NA,PCOLCE,values,0.00629213658883601,0.10008304718087678,0.30166346511659525,0.03368143703435746
proteomics,resting_hr,NA,LILRB1,values,0.00233666706720795,0.12705685484819926,0.29111990690291706,0.02129782323409218
proteomics,resting_hr,NA,VCAM1,values,0.01190220762639723,0.0900625716611885,0.2811885737017827,0.045129203916756164
proteomics,resting_hr,NA,PTPRS,values,0.00212114817794681,0.1340480311084082,0.2745186096625251,0.02129782323409218
proteomics,resting_hr,NA,TIMP1,values,0.004762378238263104,0.10796266173932104,0.2868078597330285,0.028891761312129498
proteomics,resting_hr,NA,PLXNB2,values,0.0013508547538869024,0.1475258108005408,0.26988058484685196,0.02129782323409218
proteomics,resting_hr,NA,ST6GAL1,values,0.0017549348087243424,0.1337140382528757,0.29469433588730576,0.02129782323409218
proteomics,resting_hr,NA,DPP4,values,0.007368370952532099,0.09990072224411914,0.28790545775190396,0.035947345644745644
proteomics,resting_hr,NA,FETUB,values,5.162278439646855e-4,0.16422952300331609,0.2962521509835787,0.011744183450196595
proteomics,resting_hr,NA,CRTAC1,values,0.009854545098083542,0.09512074318747883,0.24414094242288806,0.04076198199661829
proteomics,resting_hr,NA,TCN2,values,0.007668061667246408,0.09086871495676511,0.3451449909808267,0.035947345644745644
proteomics,resting_hr,NA,FCGR2A,values,0.0029908077964801373,0.1205562501680223,0.302539304534644,0.023334411857131206
proteomics,resting_hr,NA,EFEMP1,values,1.6614645505394454e-5,0.20243845932971796,0.42538634377126217,0.0015119327409908953
proteomics,resting_hr,NA,THBS4,values,0.007900515526317724,0.1097903499143794,0.19707791294563773,0.035947345644745644
proteomics,resting_hr,NA,F7,values,0.003333487408161601,0.1263442922313886,0.24464355929841394,0.023334411857131206
proteomics,resting_hr,NA,CA3,values,0.013130304799321212,0.08509270542488279,0.273754649391863,0.04595606679762424
proteomics,resting_hr,NA,OSMR,values,0.012801841172421998,0.09049779890306646,0.2368153559621834,0.04595606679762424
proteomics,resting_hr,NA,CCL18,values,0.014979513482384984,0.08422259986214306,0.2697822236583402,0.0486834188177512
proteomics,resting_hr,NA,COL18A1,values,0.001420372537359531,0.13924391282932724,0.2722996283099994,0.02129782323409218
proteomics,resting_hr,NA,AOC3,values,4.0048909062712524e-4,0.16654546756744285,0.29401024901553063,0.011744183450196595
proteomics,resting_hr,NA,GAS6,values,1.3140501719398204e-4,0.19997610880185912,0.29039646673171693,0.005978928282326183
proteomics,resting_hr,NA,IGLC2,values,0.011514489765220967,0.08984895329815072,0.310070547919433,0.045129203916756164
proteomics,resting_hr,NA,LILRB5,values,0.005788460198632058,0.09930933411118745,0.328757968294058,0.03292186737971983
proteomics,iron,NA,CA1,values,2.764771978769112e-4,0.28297184100586603,0.3519514218359389,0.01257971250339946
proteomics,iron,NA,SOD1,values,2.7529697516168026e-4,0.27187169944128425,0.4102295619885898,0.01257971250339946
proteomics,iron,NA,GP1BA,values,6.858682256369267e-4,0.14019791522184102,0.6341785457387111,0.015603502133240084
proteomics,iron,NA,CA3,values,5.880703230662085e-4,0.11746372704232863,0.7089080039949622,0.015603502133240084
genotype,glucose,NA,NOS3_rs7830G,values,2.8413683336512884e-5,0.33647971084863676,0.39857492112270027,3.409642000381546e-4
genotype,insulin,NA,NOS3_rs7830G,values,4.3718197998314295e-4,0.25669237717592946,0.3914766684053917,0.005246183759797716
